,central_pressure,radius,mass
0,1e-06,2.27519928423782e-06,1.8515551176541972e-15
1,1.0745142236928684e-06,2.5140863512610555e-06,1.8515652002717227e-15
2,1.1545808169182898e-06,2.8337915694231396e-06,1.8515820309229697e-15
3,1.240613510181634e-06,3.28228062655722e-06,1.8516129296064274e-15
4,1.333056862795703e-06,3.954809787486773e-06,1.8516778750233153e-15
5,1.4323885600653753e-06,5.071256492766653e-06,1.851845949887499e-15
6,1.5391218816451955e-06,7.278771266217914e-06,1.852471551014873e-15
7,1.653808353824694e-06,1.3662221725965939e-05,1.85777739509654e-15
8,1.7770405994467217e-06,9.733786063813603e-05,4.112215454747223e-15
9,1.9094554001852072e-06,0.00033258344548608347,9.202885248444765e-14
10,2.0517369870061637e-06,0.00047926020173582023,2.7169353955389643e-13
11,2.2046205758148726e-06,0.0005987542318122969,5.280399115921909e-13
12,2.368896166559047e-06,0.0007051360542019139,8.612888953679203e-13
13,2.545412625419206e-06,0.0008039953563035604,1.2758124035312134e-12
14,2.735082071180344e-06,0.0008982221613833688,1.7782760834791689e-12
15,2.93888458845063e-06,0.000989548285874556,2.3770857538286025e-12
16,3.1578732920819703e-06,0.0010791177345615703,3.0822149668788576e-12
17,3.3931797689619006e-06,0.0011677418130139493,3.905187769648179e-12
18,3.6460199252964434e-06,0.001256028548741499,4.859141187507226e-12
19,3.917700269598645e-06,0.0013444545823279174,5.958937639172357e-12
20,4.20962466384913e-06,0.0014334082598133836,7.2213192532033815e-12
21,4.523301577714199e-06,0.001523215322141878,8.665072066632337e-12
22,4.8603518833063e-06,0.001614158268872334,1.0311261660916777e-11
23,5.22251723076505e-06,0.0017064872862654658,1.2183460172111589e-11
24,5.6116690479381365e-06,0.0018004289676025968,1.4308023703701468e-11
25,6.029818210666545e-06,0.0018961924224526045,1.6714400486771075e-11
26,6.479125433643496e-06,0.0019939737984720316,1.9435476358638545e-11
27,6.96191243554016e-06,0.0020939597061437444,2.2507961363074752e-11
28,7.480673936092161e-06,0.0021963298573865458,2.5972821485005977e-11
29,8.038090547139543e-06,0.0023012591425588236,2.9875760573678525e-11
30,8.637042624232647e-06,0.002408919295172329,3.426775798487782e-11
31,9.280625150379557e-06,0.002519480246619303,3.920566802326606e-11
32,9.9721637288446e-06,0.0026331112476057792,4.475288812541546e-11
33,1.0715231767637656e-05,0.0027499818119439633,5.098010353454642e-11
34,1.1513668944492338e-05,0.0028702625237133753,5.796611711384855e-11
35,1.2371601047747872e-05,0.002994126238129848,6.579880688058203e-11
36,1.329346129565868e-05,0.003121746792993255,7.45760337941264e-11
37,1.428401324429591e-05,0.0032533023041278566,8.44069615129707e-11
38,1.534837540241327e-05,0.0033889739107098387,9.54132266276763e-11
39,1.649204768047081e-05,0.003528946661891049,1.0773038856044895e-10
40,1.77209398104869e-05,0.0036734099487337065,1.2150951610739935e-10
41,1.9041401883573376e-05,0.0038225579120242676,1.3691895474545225e-10
42,2.046025716295177e-05,0.0039765898316556835,1.5414629526929187e-10
43,2.1984837342005566e-05,0.004135710502241956,1.7340056666740747e-10
44,2.3623020429559144e-05,0.004300130598809123,1.9491467875420995e-10
45,2.5383271458148512e-05,0.004470067035319962,2.1894814291417773e-10
46,2.7274686225637793e-05,0.004645743322852846,2.457901032318916e-10
47,2.930703829620782e-05,0.004827389919486634,2.75762711828549e-10
48,3.149082950358691e-05,0.005015244584650508,3.092248891081655e-10
49,3.383734421749117e-05,0.005209553590149697,3.4657668276073225e-10
50,3.635870765368589e-05,0.005410568818681405,3.882632980944163e-10
51,3.906794852897632e-05,0.005618552815066645,4.3478118955670367e-10
52,4.197906638488593e-05,0.005833776153500943,4.866832850938745e-10
53,4.510710392790709e-05,0.006056518538735082,5.44585567184556e-10
54,4.8468224760128726e-05,0.006287069192084459,6.091742540689248e-10
55,5.207979690190118e-05,0.006525727246774143,6.812137985689544e-10
56,5.5960482538128595e-05,0.006772802153496827,7.615557975645531e-10
57,6.013033445193556e-05,0.007028614097005399,8.51148915776644e-10
58,6.461089964401421e-05,0.007293494424534084,9.510499393027141e-10
59,6.942533067308575e-05,0.0075677860868278175,1.0624360874890726e-09
60,7.459850529281142e-05,0.007851844092554912,1.1866187263599982e-09
61,8.015715500335375e-05,0.008146035976872561,1.3250586431243194e-09
62,8.613000318185759e-05,0.008450742284919145,1.4793830594387308e-09
63,9.254791350561799e-05,0.00876635884228924,1.6514055823503553e-09
64,9.944404943488383e-05,0.009093290516078599,1.843143584249822e-09
65,0.00010685404557939965,0.009431961451434658,2.0568469678011074e-09
66,0.00011481619183419098,0.009782809408662262,2.2950210421884394e-09
67,0.0001233716312360873,0.010146287829956267,2.5604564770220883e-09
68,0.0001325645725633672,0.010522866430398948,2.8562617914828364e-09
69,0.00014244251877710355,0.010913031805915787,3.1858995389763565e-09
70,0.00015305651248463624,0.011317288066141545,3.553226613403912e-09
71,0.0001644613996935669,0.011736157488635485,3.962539142955659e-09
72,0.00017671611321917575,0.012170181195697943,4.418622493692334e-09
73,0.00018988397720972366,0.012619919855095205,4.92680696478119e-09
74,0.00020403303436322074,0.01308595440575219,5.4930298233064204e-09
75,0.00021923639752649646,0.013568889901048684,6.123908586211052e-09
76,0.00023557262749340468,0.014069344497014462,6.8268023904967415e-09
77,0.0002531261389543652,0.014587967194629377,7.60991969866392e-09
78,0.00027198763669492287,0.01512542783110264,8.482399929618856e-09
79,0.0002922545842973033,0.015682420556354177,9.454423096462806e-09
80,0.0003140317077668988,0.01625966473008891,1.0537328262084465e-08
81,0.0003374315366860953,0.016857905851195593,1.1743745477784805e-08
82,0.0003625749856917513,0.01747791652067108,1.3087742739464332e-08
83,0.0003895919792810254,0.018120497439315018,1.4584989670532461e-08
84,0.0004186221231741195,0.018786478441478606,1.6252939835177865e-08
85,0.00044981542570309935,0.01947672399807047,1.8111046165607624e-08
86,0.0004833330729544434,0.020192117413487552,2.018094105179904e-08
87,0.0005193482616707323,0.020933586282109815,2.2486753284395453e-08
88,0.0005580470942153681,0.021702088110585004,2.5055347672676608e-08
89,0.0005996295402248872,0.02249861530396614,2.791664732092534e-08
90,0.000644310469918057,0.023324196446170554,3.1103981743401294e-08
91,0.0006923207644011889,0.024179897626084267,3.4654474596844785e-08
92,0.0007439085087069967,0.025066823813966917,3.86094755512619e-08
93,0.0007993402737318187,0.025986120286951863,4.3015041310972134e-08
94,0.0008589024936953902,0.02693897410607523,4.792247138103314e-08
95,0.0009229029462409718,0.027926622817114,5.338894593263061e-08
96,0.00099167234282398,0.028950328661006632,5.947803708111976e-08
97,0.0010655660376071969,0.030011419572107588,6.62606656574322e-08
98,0.001144965863692984,0.03111126566838792,7.381578932574361e-08
99,0.0012302821061809012,0.032251287090881875,8.223135343117753e-08
100,0.0013219556222461995,0.03343295583475449,9.160531396584035e-08
101,0.0014204601191942978,0.03465779764692492,1.0204677695561617e-07
102,0.0015263046022627417,0.03592739399264483,1.1367726751496361e-07
103,0.0016400360048192037,0.03724338409351299,1.2663214332385596e-07
104,0.0017622420145466601,0.03860746703950529,1.4106216895933255e-07
105,0.0018935541102195628,0.04002141679435203,1.5713542034900772e-07
106,0.002034650824763014,0.041487035493827706,1.7503867426572577e-07
107,0.002186261251456286,0.043006226223358146,1.949803792515066e-07
108,0.0023491688113983504,0.04458095031696185,2.1719257673726836e-07
109,0.002524215301703199,0.04621324075645772,2.4193371885803827e-07
110,0.002712305245343275,0.04790520478929634,2.694916741669447e-07
111,0.0029144105651181243,0.049659026641424256,3.0018707536658905e-07
112,0.0031315756059001982,0.05147697032629672,3.3437704792106187e-07
113,0.0033649225311093755,0.053361400466269186,3.724597379476085e-07
114,0.003615657121301636,0.055314716795862244,4.148775357383618e-07
115,0.0038850750048350187,0.05733945592351167,4.621242086113488e-07
116,0.004174568352808871,0.05943823130426118,5.147493884087021e-07
117,0.004485633072871245,0.061613751850644355,5.733652595088857e-07
118,0.004819876539067301,0.0638688254132657,6.386536766782343e-07
119,0.005179025897671376,0.06620636238737897,7.113740926608229e-07
120,0.005564936991921619,0.06862937944986189,7.923723875843736e-07
121,0.00597960395177439,0.07114103019326964,8.8259169877892e-07
122,0.0064251694982316735,0.07374450655533815,9.830796417247467e-07
123,0.006903936015487503,0.07644319085523026,1.0950057883461471e-06
124,0.007418377448106797,0.0792405651331851,1.2196719163029728e-06
125,0.007971152084713157,0.0821402385263791,1.3585279335677977e-06
126,0.008565116294243356,0.08514595189123617,1.5131887300410635e-06
127,0.009203339285748038,0.0882615825941205,1.6854529455007185e-06
128,0.00988911896800764,0.09149118546906972,1.877326087888991e-06
129,0.010625998990915148,0.09483885962547975,2.0910354869568602e-06
130,0.011417787056684416,0.09830895352960176,2.329068018998494e-06
131,0.012268574595503736,0.1019059420285987,2.5941915122683873e-06
132,0.013182757907305744,0.10563446314100985,2.889488681566429e-06
133,0.014165060878899653,0.10949932391608587,3.218392934722089e-06
134,0.015220559393853111,0.11350550656606653,3.584728251504567e-06
135,0.016354707561257273,0.1176582250196141,3.992758705904357e-06
136,0.01757336589890824,0.12196273798932808,4.447218659719447e-06
137,0.018882831616536155,0.12642463582317104,4.953395200543819e-06
138,0.020289871155565496,0.1310496670456232,5.51717212139993e-06
139,0.02180175515355078,0.13584378928899793,6.145102350742371e-06
140,0.023426296013959607,0.14081317677819702,6.844483994812589e-06
141,0.025171888275439196,0.1459642280193001,7.623445003868608e-06
142,0.027047551989167164,0.15130364605145685,8.491049595212638e-06
143,0.02906297932843245,0.15683816848096463,9.457357470957433e-06
144,0.031228584671292543,0.1625749800318814,1.0533605969070162e-05
145,0.03355555841510091,0.16852146263946885,1.1732299160016169e-05
146,0.03605592480098285,0.17468526538706686,1.3067362220657826e-05
147,0.03874260404705653,0.18107431113161362,1.4554302157648083e-05
148,0.04162947911146321,0.18769680578013642,1.621038761813411e-05
149,0.04473146743019237,0.19456136233457305,1.805487903153058e-05
150,0.04806459800039598,0.20167660978618504,2.010914327680034e-05
151,0.05164609420750539,0.2090517695411754,2.239705226617535e-05
152,0.0554944628241464,0.21669630517579228,2.4945163845320174e-05
153,0.05962958964074041,0.22462002115252216,2.7783051473631775e-05
154,0.06407284222194462,0.23283307441306342,3.094364591164802e-05
155,0.06884718031990845,0.24134598562107074,3.446361517223062e-05
156,0.07397727451488936,0.2501696535943863,3.8383788546549036e-05
157,0.07948963369628056,0.2593153674582009,4.274962746870595e-05
158,0.08541274204278955,0.26879481570738945,4.7611747722084426e-05
159,0.09177720620958724,0.2786201044300273,5.302650525585755e-05
160,0.09861591348299492,0.2888037841312128,5.905665400224718e-05
161,0.10596420171994358,0.2993589900670148,6.577213045756078e-05
162,0.11386004195033968,0.3102990836813233,7.325068423340556e-05
163,0.12234423458590667,0.32163796819871016,8.157885608324892e-05
164,0.1314606202493737,0.3333899555887611,9.085297792390049e-05
165,0.14125630631343902,0.3455700567051737,0.00010118039406226683
166,0.15178191032010696,0.35819374520669267,0.00011268054692483166
167,0.1630918215382303,0.3712770191048362,0.00012548637431848266
168,0.1752444820108077,0.3848364328571629,0.00013974583493978182
169,0.18830268854430188,0.3988891160416942,0.00015562359752124542
170,0.2023339172004605,0.41345278762422216,0.00017330291272411055
171,0.21741067196738992,0.4285457644595008,0.00019298768334259888
172,0.23361085941158533,0.44418696072268865,0.00021490474741103392
173,0.2510181912468634,0.4603958775079434,0.00023930639827813552
174,0.2697226169004114,0.4771929191725824,0.0002664737118748547
175,0.2898207883111551,0.4946000350928827,0.00029672078189985876
176,0.31141655936221596,0.5126378508079842,0.0003303936308244955
177,0.3346215225281955,0.5313287958698275,0.0003678789067613416
178,0.35955558551030964,0.5506960184130136,0.0004096066025236709
179,0.3863475908390459,0.5707635138933722,0.0004560550912954285
180,0.4151359816460274,0.5915560075024,0.0005077561305159754
181,0.44606951704535797,0.6130989838566666,0.0005653008416332847
182,0.4793080408210465,0.6354187429932585,0.0006293463139629463
183,0.5150233073925764,0.6585424123002339,0.0007006228425309953
184,0.5533998693266677,0.682497946235103,0.0007799418963866633
185,0.5946360309812793,0.70731296004688,0.000868200650237412
186,0.638944873209659,0.7330184198558323,0.0009664045848568815
187,0.686555354419415,0.7596465848369593,0.001075673034115822
188,0.7377134936761597,0.7872271339729282,0.0011972344498612172
189,0.7926836419651941,0.815792545521472,0.0013324602758967227
190,0.8517498481802662,0.8453761425089904,0.001482872302350193
191,0.9152173268979372,0.8760120882170498,0.0016501585947444341
192,0.9834140355220011,0.9077354992435788,0.0018361917911055646
193,1.056692368947594,0.9405824960506397,0.002043048994061806
194,1.1354309805019018,0.9745900301727046,0.002273032279493588
195,1.2200367385708335,1.0097959771457525,0.0025286928196120895
196,1.3109468290222208,1.0462390495021272,0.0028128561721170284
197,1.408631014289439,1.0839588591259954,0.003128651321262258
198,1.5135940607889145,1.1229958768721549,0.003479541676535735
199,1.6263783472147397,1.1633913557503957,0.0038693587360084745
200,1.7475666671883365,1.2051870906751365,0.004302337182177636
201,1.8777852407454085,1.248424809122077,0.004783148089878122
202,2.017706950221479,1.2931484873937844,0.005316960993642293
203,2.1680548172569414,1.3394015593330177,0.005909478704756384
204,2.3296057388884264,1.3872266809991114,0.0065669671956624836
205,2.5031945020321484,1.436671504745606,0.007296401780660052
206,2.6897180971033356,1.487779169833559,0.008105390997604078
207,2.89014035306165,1.5405943919189633,0.009002328058373688
208,3.105496917833471,1.5951618496123228,0.00999643847418328
209,3.3369006098464276,1.6515259609157953,0.011097851311511317
210,3.5855471683294002,1.7097306817223672,0.012317675330870638
211,3.852721432091628,1.7698192760064468,0.013668079093580273
212,4.1398039787088114,1.8318340610728465,0.015162374804649032
213,4.448278258422955,1.895816126950309,0.01681510544762797
214,4.779738259619207,1.9618049755770774,0.018642133151879372
215,5.135896745489833,2.029838201557419,0.020660731262560798
216,5.518594104446738,2.0999509513748373,0.022889667235713205
217,5.9298078600156385,2.1721762542681553,0.025349317727277356
218,6.371662889352573,2.2465454287535294,0.028061806147960576
219,6.846442403185338,2.3230808008183534,0.031050872795215467
220,7.356599743916645,2.4018063801516627,0.03434225257782455
221,7.904771062853748,2.482739101629375,0.037963544186041066
222,8.493788942072145,2.5658904847721797,0.04194431565689878
223,9.12669703130172,2.6512662712711004,0.04631616751950638
224,9.806765775469195,2.7388653409359027,0.05111272750404864
225,10.537509314166071,2.828679057698891,0.05636965044325831
226,11.322703640367527,2.9206904773259423,0.06212458004561882
227,12.166406112233952,3.0148735210453874,0.06841707341863149
228,13.072976418819234,3.1111921108590264,0.07528848209397541
229,14.047099108022723,3.2095992896677186,0.0827817823640623
230,15.09380779319382,3.3100363180889447,0.09094134823184341
231,16.218511163473057,3.412431826414372,0.09981266535641639
232,17.427020932273372,3.5167008019954764,0.1094419628079628
233,18.72558186832109,3.622742606093556,0.11987564107239339
234,20.120904064436328,3.7304452669407926,0.13116031295772007
235,21.62019761079648,3.8396770479052544,0.14334138242265457
236,23.231209851851386,3.950290772611879,0.1564628783322601
237,24.962265419408258,4.062122080613087,0.1705665542106423
238,26.8223092487508,4.17498905994401,0.1856910334823094
239,28.82095280007151,4.288692036825234,0.2018708797042134
240,30.968523724057636,4.403013613773619,0.21913561120379407
241,33.27611922827003,4.517719253442483,0.23750869824055848
242,35.75566342007591,4.632556008641264,0.25700634853686183
243,38.41996892244636,4.747256432504686,0.27763669217402553
244,41.282803081006655,4.861535855366044,0.29939840348203905
245,44.358959104453426,4.975095971054871,0.3222799121535221
246,47.66433250594547,5.087629100154207,0.34625887395713567
247,51.216003240464744,5.198812857291723,0.37130068931143617
248,55.03232396257952,5.308322738662286,0.3973587942231327
249,59.13301486066557,5.415823175352641,0.4243730168913997
250,63.53926555762691,5.5209826312488035,0.45227167383537975
251,68.27384460466862,5.62346760298008,0.48096962757656053
252,73.36121713391304,5.722944858672854,0.5103687751587653
253,78.82767127781052,5.819099486649525,0.5403610116145424
254,84.70145400859319,5.911622294708705,0.5708271111370028
255,91.01291709970089,6.000214005202358,0.6016382034883455
256,97.79467396340848,6.084602654723383,0.6326593452959547
257,105.08176817508904,6.164537729081846,0.663749671211333
258,112.91185455492976,6.23978775052666,0.6947636146278496
259,121.32539374281241,6.310152454719188,0.7255551224916976
260,130.3658612717902,6.375455966853408,0.7559777440750545
261,140.07997222050983,6.435559649970134,0.7858891210741139
262,150.51792260543968,6.4903562007007665,0.8151508147633066
263,161.73364876024726,6.539755032141424,0.8436273363286557
264,173.78510604263212,6.583719046086947,0.8711999143089117
265,186.73456830878166,6.622235867408253,0.8977510264938187
266,200.6489497029334,6.655329817168167,0.9231804419066377
267,215.60015042483778,6.683052126035423,0.9473972388296169
268,231.6654282618102,6.705458563151253,0.9703192726674956
269,248.92779780521488,6.722656193863503,0.9918805881045172
270,267.47645941424577,6.734775636018997,1.0120299050963817
271,287.4072601436153,6.741969112274275,1.0307278058614988
272,308.82318901691104,6.744392215123635,1.0479427459732757
273,331.83490920486213,6.742248171016787,1.0636664511103338
274,356.5613298584574,6.735703824626993,1.0778838106462374
275,383.1302205517571,6.724982176815469,1.0906068109924019
276,411.6788715094487,6.7102833016442975,1.10184273682038
277,442.3548030307314,6.691881464520062,1.1116316703731033
278,475.316527775378,6.669928767245231,1.119985371183775
279,510.73436985095,6.644730912360282,1.1269571674684855
280,548.7913449336598,6.616477391596854,1.1325832992040217
281,589.6841059707591,6.585398549124214,1.1369086447346852
282,633.6239593511933,6.551708045075886,1.1399832987042982
283,680.837956795449,6.51567633818833,1.141875624799081
284,731.5700686067006,6.477475859209757,1.1426273587094173
285,786.0824443458673,6.437337639437854,1.142303456852
286,844.656767444892,6.3955231218076785,1.1409788060778034
287,907.5957107579758,6.352143398680009,1.138687580546019
288,975.2245005720874,6.307462760471338,1.135507625759583
289,1047.8925971584817,6.261609672733723,1.1314871748166189
290,1125.9755005492498,6.214858232500249,1.1267070249716018
291,1209.876690869866,6.1672804943653965,1.1212008988231816
292,1300.0297132541305,6.119089408119526,1.1150375682293905
293,1396.9004181149244,6.070448416403307,1.108274125693514
294,1500.9893683470011,6.02149777657369,1.1009622855195027
295,1612.8344259006333,5.9723742967750475,1.0931540121323433
296,1733.013531091752,5.923216154628497,1.0848980803461774
297,1862.1476890102906,5.87414657291922,1.0762438016266085
298,2000.9041784583612,5.825301335305887,1.0672379904388436
299,2150.0,5.776788903416139,1.0579285056675674
