,central_pressure,central_density,radius,total_mass
0,1.3032380000000001,139909.12539123528,0.009401135661329975,1.3157882149913746e-07
1,1.6061321705534644,158601.0889926565,0.009356220108802053,1.4092566970129893e-07
2,1.9794239803372693,179786.05205567024,0.009299466723681834,1.5075602048837156e-07
3,2.43947501069236,203805.1817928578,0.009232211820747335,1.611172791189992e-07
4,3.0064495463869645,231032.5118311431,0.009155590305003302,1.7205639823386088e-07
5,3.705198387092744,261895.45657992718,0.009070688233862437,1.83623687187898e-07
6,4.566348071336519,296880.8766278075,0.008978487496485719,1.9587050825364482e-07
7,5.62764325420096,336540.25411573314,0.008879877823437835,2.0885094686397875e-07
8,6.935601075912753,381500.04190258426,0.008775690261009796,2.226206641664964e-07
9,8.547550033185567,432463.282066272,0.008666646795055452,2.3723771712100935e-07
10,10.534142718148697,490237.9755972653,0.008553420754717399,2.5276343603086516e-07
11,12.982452559563287,555729.8160559403,0.00843668955907791,2.692633541989504e-07
12,15.99979029816408,629972.698113579,0.008316920017475407,2.868037130464881e-07
13,19.71840747429912,714131.6560562019,0.008194703575864272,3.0545579720327953e-07
14,24.3012930842668,809535.1162392311,0.008070484776484775,3.2529529770248124e-07
15,29.949317475924833,917683.2503949677,0.007944745127376831,3.4640471654252925e-07
16,36.91003660436693,1040282.4308974572,0.007817781167893249,3.688621584428335e-07
17,45.48854254294279,1179252.8592467732,0.007689950696992027,3.927600577356059e-07
18,56.06083583337088,1336800.9016617455,0.0075616577507555925,4.1819512849209574e-07
19,69.09030579226004,1515386.8901034833,0.007433200684890652,4.4526959388474176e-07
20,85.14804111476586,1717843.6183776048,0.007304766060505308,4.7408271654424056e-07
21,104.93786100008938,1947341.4793667211,0.007176530054117342,5.047537428449897e-07
22,129.32716392655163,2207512.0093584238,0.007048841785336512,5.374028670598257e-07
23,159.38494619469117,2502439.9034881494,0.006921801039169718,5.72151465766961e-07
24,196.42865661162915,2836771.601791235,0.006795496062669118,6.091425750093371e-07
25,242.08194098279597,3215776.3201831058,0.006670302904768978,6.485226077846648e-07
26,298.34580738322063,3645422.1647402053,0.006546152541146148,6.904399935493104e-07
27,367.68633142061384,4132470.942648497,0.006423254916357392,7.350609537585622e-07
28,453.1427456592222,4684598.409586535,0.006301657402537247,7.825565743081261e-07
29,558.4606508221852,5310509.630813892,0.006181512224868194,8.331195916731768e-07
30,688.2561874912614,6020063.220983852,0.0060628046768538375,8.869363266960465e-07
31,848.2183640380281,6824431.141067334,0.005945632014927289,9.442210545997873e-07
32,1045.358408928919,7736288.789107393,0.005830048445678984,1.00519343302055e-06
33,1288.3170766501034,8770023.63822743,0.005716120140943851,1.070097065790251e-06
34,1587.7433766365964,9941918.345336966,0.00560390989902168,1.1391790063047749e-06
35,1956.7613250988866,11270402.913627457,0.005493301459501248,1.2126924112596134e-06
36,2411.545177731272,12776512.58354863,0.0053845163842462865,1.2909449947910525e-06
37,2972.0283560617995,14483928.824840888,0.005277433468893524,1.3742165020187557e-06
38,3662.7771400680476,16419503.457728563,0.005172105453178469,1.4628505795511472e-06
39,4514.0674214771825,18613799.202161912,0.005068486565628923,1.5571559578968437e-06
40,5563.2117124284705,21101520.618596934,0.004966690824745498,1.6575308324395953e-06
41,6856.194573002931,23921740.96951923,0.004866634944539889,1.7643327867401672e-06
42,8449.68813929158,27119088.17307065,0.00476832049888671,1.8779772900988316e-06
43,10413.536093683811,30743986.093820777,0.004671725440711573,1.998890945812436e-06
44,12833.814951133374,34853692.70635341,0.004576890720045712,2.127532310382116e-06
45,15816.606839230772,39512888.44453122,0.004483764181606323,2.264391555443644e-06
46,19492.649135065498,44795352.03011233,0.004392319351851775,2.4099852301570943e-06
47,24023.064754971732,50784376.993463054,0.004302592023135019,2.564865737527412e-06
48,29606.42425884553,57574450.16566495,0.004214498544561887,2.729582306508243e-06
49,36487.449304874564,65273177.276649855,0.004128036637992804,2.9047712776931665e-06
50,44967.73893179751,74002026.11732265,0.004043223109733812,3.091071277084482e-06
51,55418.98880742385,83898984.6085396,0.003959971323630862,3.2891586283308727e-06
52,68299.28285021294,95120809.6760528,0.0038783192859002474,3.499781458083156e-06
53,84173.1712944665,107844886.130225,0.003798195487633543,3.723694740677143e-06
54,103736.4152315613,122273226.96743989,0.003719601914468441,3.9616723228526775e-06
55,127846.4821938155,138634019.75109273,0.0036425100378261856,4.214617711025047e-06
56,157560.12941886106,157185304.62880647,0.0035668767166477677,4.483396759001765e-06
57,194179.72208928844,178223437.1793987,0.003492681258408851,4.768934424943192e-06
58,239310.3167009694,202081343.02084473,0.0034199327126110727,5.07228615735325e-06
59,294930.0115548847,229137345.75891775,0.003348518395792678,5.3944049634882474e-06
60,363476.64787245716,259821842.2403534,0.003278482225388867,5.7364349545256265e-06
61,447954.661691025,294622209.55286527,0.0032097947004629487,6.099530743786478e-06
62,552066.769915663,334093409.14962435,0.0031423987873028334,6.484855424011959e-06
63,680376.2623980313,378864029.3455073,0.003076273093808315,6.89365410569988e-06
64,838507.0133915703,429648594.2959684,0.0030113863508296713,7.3272877708436885e-06
65,1033389.9789930203,487257318.04812217,0.0029477439901441933,7.787047878607908e-06
66,1273566.984686037,552611914.481032,0.002885270109709665,8.2743136041359e-06
67,1569565.1181587824,626756038.0432265,0.002823967740483883,8.790573606218382e-06
68,1934358.1372346228,710882859.3388271,0.0027638102723628252,9.337371819630636e-06
69,2383935.1166743147,806338011.3578998,0.0027047348502373626,9.916104113069409e-06
70,2938001.25794578,914659367.468473,0.002646747843769407,1.0528438536583913e-05
71,3620841.578831552,1037588651.7797272,0.0025898219799340063,1.1175962441513419e-05
72,4462385.338855184,1177122170.9966114,0.002533887325535957,1.1860205543772476e-05
73,5499517.854867222,1335499135.9805045,0.0024789744639623448,1.2583000172866871e-05
74,6777697.20437512,1515313712.4650397,0.0024250123159686556,1.3345699093994605e-05
75,8352946.677596232,1719458441.0151076,0.0023719738481935886,1.4149934941094917e-05
76,10294310.308481652,1951284618.219181,0.0023198762701544438,1.4997480880530578e-05
77,12686879.111960009,2214573186.6342783,0.002268647886705227,1.588983479743138e-05
78,15635520.669011902,2513639941.154218,0.0022182629490549812,1.6828242447893778e-05
79,19269475.52929986,2853410197.1393075,0.002168737916119621,1.7814209586891613e-05
80,23748021.89415997,3239493031.9026375,0.0021199754310767963,1.8848594267318433e-05
81,29267456.866066232,3678295166.1092744,0.0020720377040849085,1.9933354092683682e-05
82,36069700.256495625,4177131510.539404,0.0020248324179656225,2.106856457251529e-05
83,44452898.06173405,4744335274.342075,0.0019783288783144,2.2254726397108405e-05
84,54784490.36268506,5389451745.832936,0.0019325376052038489,2.349258797572641e-05
85,67517316.42177768,6123399249.524347,0.0018874292230219964,2.4782293457988244e-05
86,83209462.87205794,6958640421.145486,0.0018429657466718968,2.6122997490662892e-05
87,102548724.95529315,7909480543.831777,0.0017991136465650278,2.7513973040037076e-05
88,126382752.9583508,8992276682.635153,0.0017558938132215384,2.8954432325081544e-05
89,155756205.18241352,10225783084.25215,0.0017132427142881005,3.0441897609254037e-05
90,191956535.87971008,11631664179.334425,0.0016711471246026693,3.1973714933445805e-05
91,236570425.06771803,13234644283.83036,0.0016295943938474295,3.354735446631775e-05
92,291553323.5700383,15063109202.247347,0.0015885595281535754,3.515846500736329e-05
93,359315161.4805754,17150053283.03591,0.0015480537656360233,3.680313705252508e-05
94,442825976.6992407,19533155637.641346,0.0015080164662468185,3.8474657027742e-05
95,545746093.2948642,22256194821.673473,0.0014684638624615943,4.016714364378296e-05
96,672586555.4831531,25369363216.060623,0.001429388275793316,4.1873709117972076e-05
97,828906849.1275077,28931154887.123726,0.0013907627904808308,4.358581167715816e-05
98,1021558577.0026631,33009173597.292282,0.0013525798151623283,4.529391864691102e-05
99,1258985768.2394125,37681598316.75498,0.00131484169974302,4.6988033103940614e-05
100,1551594984.6753216,43039834918.92223,0.001277567117104438,4.865831779538106e-05
101,1912211446.072355,49189500243.441956,0.001240723736141616,5.029213948983634e-05
102,2356641166.4157815,56254391890.56501,0.001204334579317462,5.187761519035221e-05
103,2904363740.0313888,64378770540.288994,0.0011683846335377585,5.340239687496104e-05
104,3579386142.7102265,73730819601.63008,0.0011329475672115623,5.4852998954242943e-05
105,4411294970.404633,84508478597.4942,0.0010979744882380533,5.6216197663695685e-05
106,5436553235.684941,96943470452.66931,0.0010635062667393503,5.747941869387815e-05
107,6700098561.245234,111307480866.10779,0.0010295723845048631,5.862982414824763e-05
108,8257312820.141025,127922098378.94589,0.0009961758920962627,5.9655295925527095e-05
109,10176449553.153032,147166323565686,0.0009633601476066561,6.054468341519094e-05
110,12541625558.289055,169487428610.15448,0.0009311426347724484,6.128790007236183e-05
111,15456507775.405325,195415506676.25446,0.0008995762539851638,6.187626482196048e-05
112,19048857064.088257,225578787254.04865,0.0008686845080236959,6.230333257547923e-05
113,23476128031.032524,260727466257.2551,0.0008384987024969343,6.25635370943034e-05
114,28932370350.368305,301750563654.0139,0.0008090778861367334,6.26541882138494e-05
115,35656734065.530426,349711813806.9086,0.000780437953443286,6.257425491999265e-05
116,43943951664.637054,405883274831.1909,0.000752639301425934,6.232545755060179e-05
117,54157256364.39394,471787264212.4437,0.0007257084242931686,6.191058662147134e-05
118,66744302817.87706,549249200262.5757,0.0006996960022619695,6.133578320226467e-05
119,82256788059.39865,640465599705.45,0.0006746380727566546,6.0608326372999115e-05
120,101374632683.05423,748076505165.3464,0.0006505787449684301,5.973830682161261e-05
121,124935782129.04681,875276887491.4956,0.0006275513805855854,5.8737136636409574e-05
122,153972934284.23718,1025909901993.7166,0.0006056039538758248,5.761671134520778e-05
123,189758803187.4667,1204626717355.6199,0.0005847676951204935,5.6391154913829705e-05
124,233861902772.2592,1417067585147926,0.0005650890123709991,5.5075687635890066e-05
125,288215295678.43475,1670083703863.7578,0.0005465963626798207,5.368516179396012e-05
126,355201320430.12463,1971949918370.5247,0.0005293388387422206,5.223522637207832e-05
127,437756010618.0856,2332780349039.1934,0.0005133498569398522,5.074205154410445e-05
128,539497782835.4078,2764853607947534,0.0004986766661149098,4.922100295024553e-05
129,664886033828.2148,3283120303036.8525,0.0004853628062582152,4.768740351484386e-05
130,819416598260.0221,3905864665326726,0.000473455585760681,4.615672518043019e-05
131,1009862634108.9736,4655351052029593,0.0004630155703327079,4.4643201953650945e-05
132,1244571493834806,5558776249325.77,0.00045409872343803176,4.3161163314836686e-05
133,1533830593338.9482,6649440507293705,0.0004467761271568123,4.172397190872756e-05
134,1890318314951523,7968125512812966,0.0004411327285129542,4.03446597609651e-05
135,2329659707766.3916,9564575753622.2,0.00043723445821291005,3.903600253715826e-05
136,2871111341969.6167,"1,14999536636725E+016",0.000435183871932473,3.781068928122745e-05
137,3538405334695.8345,"1,38490586956709E+016",0.0004350616644717238,3.6680584203093705e-05
138,4360789541521178,16703816530226.88,0.000436956055371179,3.565839573229556e-05
139,5374309505746652,"2,01768477554322E+016",0.0004409322969059675,3.4756233666527985e-05
140,6623388354000564,"2,4406332826688E+016",0.0004470199657492414,3.398634456866415e-05
141,8162773885836284,"2,95622860048635E+016",0.0004551941879134472,3.336062355968146e-05
142,10059938199312.3,35853206083197.4,0.0004653373770591896,3.2889671374856184e-05
143,"1,23980350294384E+016","4,35353911409131E+016",0.00047722546539688906,3.2582356410464856e-05
144,"1,5279544421226E+016",52923826210778.84,0.0004904965223427294,3.2443868516266895e-05
145,18830764485329.43,64406143741288.05,0.0005046443438245295,3.247440866711522e-05
146,23207347112348.91,78458440937358.83,0.000519052512885371,3.26671738611719e-05
147,"2,86011202791391E+016",95666683975179.72,0.0005330472842127502,3.3007698232196844e-05
148,35248495972488.77,116751666240450.81,0.000545965284905862,3.347352662361614e-05
149,43440832254000.0,142600200902946.34,0.0005572543253638509,3.403556514495888e-05
