,central_pressure_1,central_pressure_2,central_density_1,central_density_2,radius_1,radius_2,mass_1,mass_2,central_density,mass_1__in_GeV,dimensionless_mass_1,central_density_1_in_GEV4,dimensionless_central_density_1
0,"0,000001",1750,1.2902873802781691,5971.676978603365,0.005014326023145959,9.400299528670686,6.041327402392741e-13,1.6364544804208838,5972.967265983642,6.736080053667906e+44,3.331267194802366e-10,9.900627362601222e-06,1.2222996743952126e-11
1,1342.2818801879196,1750,13243.722742689708,5971.676978603365,1.8753961570714919,10.111089141188977,0.10036413292188981,1.5734635157003647,19215.399721293074,1.1190600820790715e+56,55.34209971885589,0.10162167418913282,1.2545885702362075e-07
2,2684.563759375839,1750,19516.260671564,5971.676978603365,1.9481639166616322,10.372401869341456,0.15098668270459825,1.4712640956414602,25487.937650167365,1.6835015121562706e+56,83.25603786125743,0.14975208420537153,1.8487911630292783e-07
3,4026.8456385637583,1750,24641.622061441925,5971.676978603365,1.9590046098591989,10.431808138586245,0.18156840121558587,1.3536095863691298,30613.29904004529,2.0244876735537825e+56,100.11919869508081,0.1890799843270525,2.334320794161142e-07
4,5369.127517751678,1750,29173.43538454907,5971.676978603365,1.9517831184894905,10.339966597184205,0.20192131902291505,1.221779140108597,35145.11236315243,2.251422707105503e+56,111.34206461411895,0.22385347407418346,2.7636231367183143e-07
5,6711.409396939598,1750,33325.641381278285,5971.676978603365,1.9379171949620844,10.116710896247183,0.2162734229683525,1.078517916290885,39297.31835988165,2.4114486660971307e+56,119.25600303614412,0.25571416258026763,3.156964970126761e-07
6,8053.691276127517,1750,37208.32788773057,5971.676978603365,1.921545111523317,9.771821521888548,0.2267919483213709,0.9279175528453645,43180.00486633393,2.528730223783286e+56,125.0560559239133,0.2855067753375099,3.524775004166789e-07
7,9395.973155315436,1750,40886.720494084766,5971.676978603365,1.9044212719865836,9.312436558549502,0.23471379677248544,0.7752741296014537,46858.39747268813,2.6170588340132128e+56,129.42426709832205,0.31373180105310594,3.87323211176674e-07
8,10738.255034503356,1750,44403.43931852173,5971.676978603365,1.8873531098163887,8.747837451331423,0.24079950246983678,0.6268992741578618,50375.11629712509,2.68491445253868e+56,132.78000506722918,0.34071627222749584,4.206373731203652e-07
9,12080.536913691276,1750,47788.12715485101,5971.676978603365,1.870722054939541,8.09394542680552,0.2455432546877062,0.4896338365105858,53759.804133454374,2.737807289767924e+56,135.3957722804745,0.36668764381372404,4.527007948317581e-07
10,13422.818792879196,1750,51061.89139520701,5971.676978603365,1.8547040804906356,7.377382743296732,0.2492800549534038,0.3698564281298322,57033.56837381037,2.7794726127304527e+56,137.45629297559805,0.39180787695882874,4.837134283442331e-07
11,14765.100672067114,1750,54241.63208789134,5971.676978603365,1.8393705940063418,6.636640963342841,0.25224498253423966,0.2720157876425906,60213.3090664947,2.8125315552567723e+56,139.0911929449477,0.416206649037945,5.138353691826482e-07
12,16107.382551255034,1750,57339.36094328751,5971.676978603365,1.8247384242600244,5.9168079383116545,0.25460764653729606,0.1973045428467405,63311.03792189087,2.8388752588908513e+56,140.3939968755218,0.4399761282535309,5.431804052512727e-07
13,17449.664430442954,1750,60365.42472144627,5971.676978603365,1.8107956760384052,5.257823827799573,0.25649332890870463,0.14348180114148046,66337.10170004964,2.859900617332057e+56,141.43378687617673,0.4631957073185885,5.71846552245171e-07
14,18791.946309630872,1750,63327.93530441386,5971.676978603365,1.7975162470151378,4.683594215619323,0.25799649383655876,0.10618150213993448,69299.61228301722,2.8766609062776304e+56,142.26265173964276,0.4859276302901992,5.999106546792582e-07
15,20134.228188818794,1750,66233.25632431077,5971.676978603365,1.7848646087409692,4.199695127931702,0.2591893616820102,0.08071883534470756,72204.93330291414,2.8899613827544136e+56,142.92041472062488,0.5082207265619232,6.274329957554607e-07
16,21476.51006800671,1750,69087.54165415895,5971.676978603365,1.772805404169799,3.799019700112071,0.26012829590370634,0.06324539493944456,75059.21863276232,2.9004304993263258e+56,143.43815536973702,0.5301222160047432,6.54471871610794e-07
17,22818.79194719463,1750,71895.3804501905,5971.676978603365,1.7613016710567775,3.4689838659788474,0.2608576252383879,0.05102873328243667,77867.05742879387,2.908562521408025e+56,143.8403171340323,0.5516673121117592,6.8107075569353e-07
18,24161.07382638255,1750,74660.49036215137,5971.676978603365,1.7503180681642212,3.196388560839163,0.26141276489918047,0.042268072588043555,80632.16734075474,2.9147523286258624e+56,144.14642842669284,0.5728845411363954,7.072648656004881e-07
19,25503.35570557047,1750,77386.57809244769,5971.676978603365,1.7398205362383792,2.9696180295818473,0.2618221974410796,0.035811385434846583,83358.25507105105,2.9193175014680377e+56,144.37219490224803,0.5938023453309962,7.330893152234521e-07
20,26845.63758475839,1750,80076.94682577145,5971.676978603365,1.7297772710129211,2.779217616725369,0.2621090985317994,0.03092394500472333,86048.62380437482,2.922516448629564e+56,144.53039592795133,0.6144460706775849,7.585753958982531e-07
21,28187.91946394631,1750,82733.95696098502,5971.676978603365,1.7201588398575183,2.6177581753618973,0.26229246437367976,0.027131663313075392,88705.63393958838,2.9245609777665297e+56,144.63150625901224,0.6348338289781683,7.837454678742819e-07
22,29530.201343134227,1750,85359.83447663097,5971.676978603365,1.7109381650846078,2.479482799545033,0.2623879853417201,0.024122775413284957,91331.51145523434,2.9256260365601793e+56,144.68417777407075,0.6549827006013558,8.086206180263652e-07
23,30872.48322232215,1750,87956.80535125195,5971.676978603365,1.7020895262905802,2.359942401812794,0.26240871382879005,0.02168770226293554,93928.48232985532,2.925857159191009e+56,144.69560773380883,0.6749097659157571,8.332219332293298e-07
24,32214.765101510067,1750,90527.00943576312,5971.676978603365,1.6935898444201083,2.255686636638312,0.2623655722267213,0.01968231511532626,96498.68641436649,2.9253761303279425e+56,144.67181888838954,0.6946314444158559,8.575696844640197e-07
25,33557.04698069799,1750,93072.00218639607,5971.676978603365,1.6854177293662547,2.1640212732318,0.2622677514837341,0.018005260638051874,99043.67916499944,2.9242854290436356e+56,144.61787924725118,0.71415967142146,8.816786066931605e-07
26,34899.32885988591,1750,95593.0962292148,5971.676978603365,1.677553570922655,2.082824523677373,0.2621230210537558,0.01658374093859534,101564.77320781817,2.922671684749377e+56,144.53807298922823,0.7335045189690202,9.055611345296546e-07
27,36241.610739073825,1750,98091.60339936025,5971.676978603365,1.6699785131519487,2.010410268551281,0.261937985742329,0.015364429045780267,104063.28037796362,2.920608541026969e+56,144.4360420907552,0.75267605302608,9.292296950939259e-07
28,37583.89261826174,1750,100568.83553197327,5971.676978603365,1.6626760747283376,1.9454262910009412,0.26171828734683455,0.014307544008559957,106540.51251057663,2.9181589039172054e+56,144.31489751293086,0.7716843395601821,9.526967155063976e-07
29,38926.17449744966,1750,103026.09573520599,5971.676978603365,1.6556307347231582,1.8867784252324853,0.2614687573014219,0.013382909571451364,108997.77271380936,2.915376643910854e+56,144.17730337193603,0.7905393775749786,9.75974540216023e-07
30,40268.45637663759,1750,105464.44459020068,5971.676978603365,1.6488284596745437,1.8335734912794122,0.2611935538781926,0.012567279732473494,111436.12156880405,2.9123081257418477e+56,144.02555259356603,0.8092493051169524,9.990732161937685e-07
31,41610.738255825505,1750,107884.67436557128,5971.676978603365,1.6422552901006024,1.7850761688029801,0.26089626604136285,0.011842491643145195,113856.35134417465,2.908993366361196e+56,143.8616241797786,0.8278202014180931,1.0220002486643124e-06
32,42953.02013501342,1750,110287.56342932941,5971.676978603365,1.6358996724351564,1.7406763408282278,0.2605799968879544,0.01119416989564332,116259.24040793278,2.905466965300692e+56,143.68722921898572,0.8462580390483504,1.044763011170803e-06
33,44295.30201420134,1750,112673.89014948675,5971.676978603365,1.629749357764947,1.6998639865742664,0.2602474450190226,0.01061080118525378,118645.56712809012,2.901759011962102e+56,143.50385575521614,0.8645687905776746,1.0673688772563884e-06
34,45637.58389338926,1750,115044.43289405486,5971.676978603365,1.6237943339007115,1.6622097785892713,0.25990094805665587,0.010083063768513844,121016.10987265823,2.897895570831713e+56,143.31279278396022,0.8827584285760149,1.089825220464216e-06
35,46979.865772577185,1750,117399.97003104548,5971.676978603365,1.6180245017035757,1.6273501701635538,0.2595425733930684,0.009603335782022266,123371.64700964885,2.893899693332713e+56,143.11518029241003,0.9008329256133222,1.1121394143374348e-06
36,48322.1476517651,1750,119741.24789279819,5971.676978603365,1.6124356117528833,1.5949728143914401,0.25917411604620727,0.00916531378987141,125712.92487140156,2.889791393915211e+56,142.91200807701307,0.9187980084435704,1.1343185289426794e-06
37,49664.42953095302,1750,122068.81281657546,5971.676978603365,1.6070307588959278,1.5647864938377238,0.25879728001773034,0.008763635779440003,128040.48979517883,2.8855896721976935e+56,142.70421574664084,0.9366578692194016,1.156367739777039e-06
38,51006.71141014094,1750,124383.13410609525,5971.676978603365,1.6017983076659592,1.536533004206432,0.2584135833900791,0.008393786786015215,130354.81108469862,2.881311454799382e+56,142.49264039186954,0.9544161090000081,1.1782914925926025e-06
39,52348.99328932886,1750,126684.68090280714,5971.676978603365,1.5967270369042224,1.509996911981617,0.2580243059922054,0.008052008219569369,132656.3578814105,2.87697101181309e+56,142.27798772717517,0.9720763275994648,1.2000942316042776e-06
40,53691.27516851678,1750,128973.92234816068,5971.676978603365,1.5918071157986364,1.4849967452216044,0.2576305369676673,0.007735139346696893,134945.59932676403,2.8725804871894907e+56,142.06085832060577,0.9896421248318471,1.2217804010269717e-06
41,55033.5570477047,1750,131251.32758360537,5971.676978603365,1.5870301700057892,1.4613781739106073,0.25723321114976855,0.007440497571916694,137223.00456220872,2.8681503043199194e+56,141.84176765151042,1.0071171005112294,1.2433544450755918e-06
42,56375.83892689262,1750,133517.36575059078,5971.676978603365,1.5823880019840275,1.4390088172317188,0.2568331380340738,0.0071657873759171705,139489.04272919413,2.8636894890799234e+56,141.62116208636456,1.024504854451687,1.2648208079650457e-06
43,57718.12080608054,1750,135772.50599056642,5971.676978603365,1.577873668024665,1.4177742673062652,0.2564310192895182,0.006909030161336442,141744.18296916978,2.8592058650781284e+56,141.39942853462514,1.0418089864672948,1.2861839339102406e-06
44,59060.402685268455,1750,138017.20561063083,5971.676978603365,1.5734817359783202,1.3975755641696637,0.2560275628205424,0.006668509521535057,143988.88258923418,2.854707325449048e+56,141.1769573440888,1.059033005564838,1.3074481550183186e-06
45,60402.68456445637,1750,140251.80617231154,5971.676978603365,1.5692050211268296,1.3783243940247185,0.2556231361563686,0.0064427266531696175,146223.4831509149,2.85019796814351e+56,140.95395117519092,1.0761795326127042,1.3286167069292643e-06
46,61744.9664436443,1750,142476.58377032797,5971.676978603365,1.5650386325869365,1.3599444763957855,0.255218288937005,0.0062303671355144336,148448.26074893132,2.845683921647606e+56,140.73071310664346,1.0932506861396611,1.3496922051106928e-06
47,63087.248322832216,1750,144691.8137562341,5971.676978603365,1.5609776831693147,1.342367817513541,0.25481343720194627,0.006030271631073527,150663.49073483745,2.8411698248017013e+56,140.5074725480825,1.1102485789720227,1.3706772579901515e-06
48,64429.530202020134,1750,146897.771481584,5971.676978603365,1.557017846904358,1.325533932318602,0.25440894702368066,0.005841413246480543,152869.44846018736,2.8366597593140396e+56,140.284431356681,1.1271753239361038,1.3915744739951898e-06
49,65771.81208120805,1750,149094.73229793162,5971.676978603365,1.5531546915747907,1.3093887820306498,0.2540051422745356,0.005662878657434541,155066.40927653498,2.832157336361072e+56,140.06176811988976,1.1440330338582179,1.4123864615533553e-06
50,67114.09396039597,1750,151282.97155683115,5971.676978603365,1.5493841711759855,1.2938838911928525,0.25360230876038403,0.005493852439636149,157254.6485354345,2.8276657426782823e+56,139.83964043481706,1.160823821564681,1.4331158290921987e-06
51,68456.37583958388,1750,153462.76460983654,5971.676978603365,1.5457028258520704,1.2789756172723716,0.25320069949828666,0.0053336040169217275,159434.4415884399,2.8231877994058966e+56,139.61818781838974,1.177549799881806,1.4537651850392667e-06
52,69798.6577187718,1750,155634.3868085018,5971.676978603365,1.5421070064846825,1.2646245277977506,0.25280053766816596,0.005181476655793563,161606.06378710514,2.818725995000051e+56,139.3975333349454,1.1942130816359082,1.474337137822109e-06
53,71140.93959795972,1750,157798.11350438104,5971.676978603365,1.5385935688439452,1.2507948817851815,0.252402021547364,0.005036878200065215,163769.7904829844,2.814282540253109e+56,139.1777863172119,1.2108157796533023,1.4948342958682745e-06
54,72483.22147714764,1750,159954.21379547773,5971.676978603365,1.535159454193387,1.2374541862436315,0.2520053249598173,0.004899273172978156,165925.89077408108,2.8098593733019633e+56,138.95904261398852,1.2273599587755861,1.5152592083649212e-06
55,73825.50335633557,1750,162102.89070463038,5971.676978603365,1.531801606084354,1.2245728139675485,0.25161060250561573,0.0047681760373746275,168074.56768323373,2.8054582179376155e+56,138.7413874737932,1.2438471768366974,1.535613798563824e-06
56,75167.78523552348,1750,164244.30757297098,5971.676978603365,1.52851776310029,1.2121236750855455,0.25121798877059875,0.004643145386581043,170215.98455157434,2.8010805747921763e+56,138.52489510902367,1.2602786871850804,1.5558996138087413e-06
57,76510.0671147114,1750,166378.62720091696,5971.676978603365,1.5253047157481778,1.200081936102484,0.2508276024709525,0.004523778981119063,172350.30417952032,2.7967277675511202e+56,138.3096309813426,1.276655739020171,1.5761181963211987e-06
58,77852.34899389932,1750,168506.01238888563,5971.676978603365,1.5221603869457903,1.1884247802451497,0.2504395471383283,0.004409709448789781,174477.689367489,2.7924009505923604e+56,138.09565217946087,1.292979581541404,1.596271088322721e-06
59,79194.63087308724,1750,170626.62593729433,5971.676978603365,1.5190824567106842,1.1771311958742003,0.2500539124215092,0.0043006005406391904,176598.3029158977,2.7881011234998276e+56,137.88300813689375,1.3092514639482147,1.616359832034833e-06
60,80536.91275227517,1750,172740.63064656037,5971.676978603365,1.516068524817411,1.1661817936767913,0.24967077743324562,0.004196143882546291,178712.30762516372,2.7838291683806886e+56,137.67174247744978,1.3254726354400375,1.6363859696790586e-06
61,81879.19463146308,1750,174848.1893171011,5971.676978603365,1.5131165489404192,1.1555586468073693,0.24929020878533012,0.004096056109402572,180819.86629570444,2.779585827956431e+56,137.46189193174536,1.341644345216308,1.6563510434769235e-06
62,83221.476510651,1750,176949.46474933394,5971.676978603365,1.5102247410586243,1.1452451469608944,0.248912264493119,0.004000076365323296,182921.1417279373,2.7753717490982774e+56,137.25348849020918,1.357767842476462,1.6762565956499533e-06
63,84563.75838983891,1750,179044.6197436761,5971.676978603365,1.5073910918598683,1.1352258828869326,0.24853699473813978,0.0039079641002423005,185016.29672227945,2.7711874913302587e+56,137.0465598235938,1.3738443764199333,1.6961041684196708e-06
64,85906.04026902684,1750,181133.817100545,5971.676978603365,1.504613494091937,1.1254865265635268,0.24816443977491529,0.0038194971077118735,187105.49407914837,2.7670335034903056e+56,136.8411281287714,1.3898751962461577,1.7158953040076022e-06
65,87248.32214821476,1750,183217.21962035805,5971.676978603365,1.5018905518674843,1.116013737292778,0.2477946348385803,0.0037344698120658428,189188.8965989614,2.7629101784501704e+56,136.63721283485756,1.4058615511545707,1.7356315446352724e-06
66,88590.60402740267,1750,185294.98963760154,5971.676978603365,1.4992205088324715,1.1067950742518096,0.24742760825038193,0.003652691727471475,191266.6666162049,2.7588178319917587e+56,136.4348295585595,1.4218046867694276,1.7553144281104044e-06
67,89932.8859065906,1750,187367.26472723825,5971.676978603365,1.4966016559022588,1.0978189179045672,0.24706338191674682,0.0035739860893066193,193338.9417058416,2.7547567083717273e+56,136.23399037936832,1.437705658730318,1.7749452576917507e-06
68,91275.16778577851,1750,189434.14582003842,5971.676978603365,1.494032623989666,1.0890743979615298,0.24670197374913352,0.003498188633818261,195405.82279864178,2.750727007302839e+56,136.03470517389724,1.4535652414987779,1.794524989504664e-06
69,92617.44966496644,1750,191495.730888785,5971.676978603365,1.4915120363409362,1.080551332071333,0.24634339606445327,0.003425146505391244,197467.40786738836,2.746728866118654e+56,135.83698073385276,1.4693841868391269,1.814054551653243e-06
70,93959.73154415436,1750,193552.11790626083,5971.676978603365,1.4890383538725918,1.0722401692190808,0.24598765679404602,0.0033547172821591204,199523.79488486418,2.7427623732536135e+56,135.6408214326798,1.485163246515685,1.8335348722415865e-06
71,95302.01342334227,1750,195603.404845249,5971.676978603365,1.4866101587213554,1.0641319386461106,0.24563476070705292,0.0032867681011693305,201575.08182385235,2.73882758188364e+56,135.44622990014528,1.5009031722927737,1.8529668793737947e-06
72,96644.2953025302,1750,197649.6896785326,5971.676978603365,1.4842263431800036,1.0562182056164615,0.2452847087558429,0.0032211748693945596,203621.36665713595,2.7349245026276485e+56,135.25320666139802,1.516604715934715,1.872351501153969e-06
73,97986.57718171811,1750,199691.07037889436,5971.676978603365,1.4818856307961792,1.0484910310812479,0.24493749854138389,0.0031578215520745,205662.74735749772,2.7310531087364303e+56,135.06175039358018,1.532268629205827,1.891689665686206e-06
74,99328.85906090603,1750,201727.6449191174,5971.676978603365,1.479586733453056,1.0409429323856014,0.24459312520842408,0.0030965995297710614,207699.32189772074,2.7272133460739287e+56,134.8718584194423,1.5478956638704318,1.910982301074607e-06
75,100671.14094009396,1750,203759.51127198458,5971.676978603365,1.4773285868376334,1.033566851063278,0.24425158192836188,0.0030374070179247504,209731.18825058793,2.7234051385012353e+56,134.6835269736038,1.5634865716928494,1.930230335423271e-06
76,102013.42281928187,1750,205786.76741027887,5971.676978603365,1.475110123109934,1.0263561214826693,0.24391285843615884,0.0029801485327716425,211758.44438888223,2.7196283715631714e+56,134.4967503957878,1.5790421044374003,1.949434696836297e-06
77,103355.7046984698,1750,207809.5113067834,5971.676978603365,1.4729302686592147,1.019304442407144,0.24357694353827217,0.0029247344176899586,213781.18828538674,2.7158829204517348e+56,134.31152251372797,1.5945630138684062,1.968596313417785e-06
78,104697.9865776577,1750,209827.84093428098,5971.676978603365,1.4707879245968691,1.0124058516973045,0.243243824062858,0.002871080404420726,215799.51791288433,2.712168638300867e+56,134.12783606429676,1.6100500517501866,1.9877161132718353e-06
79,106040.26845684563,1750,211841.85426555463,5971.676978603365,1.468682168350953,1.0056547034468897,0.24291348494576218,0.002819107214686553,217813.531244158,2.7084853571452485e+56,133.9456827409219,1.6255039698470628,2.0067950245025465e-06
80,107382.55033603356,1750,213851.64927338733,5971.676978603365,1.4666122254410983,0.9990456457568421,0.24258590998446136,0.0027687401982340104,219823.3262519907,2.7048328963267442e+56,133.7650536093195,1.640925519923355,2.0258339752140184e-06
81,108724.83221522147,1750,215857.32390773052,5971.676978603365,1.4645769642440842,0.9925736010219369,0.24226108156376924,0.002719908999552142,221829.00088633387,2.701211059436027e+56,133.58593895624466,1.6563154535681934,2.044833893294066e-06
82,110067.1140944094,1750,217858.96598633105,5971.676978603365,1.4625756270797219,0.9862337481084685,0.24193898141871914,0.002672547256824858,223830.6429649344,2.6976196428187184e+56,133.4083287101551,1.6716744446243208,2.0637956106473098e-06
83,111409.3959735973,1750,219856.63730652077,5971.676978603365,1.4606072932801317,0.9800215052845717,0.2416195896849098,0.0026265923194454728,225828.31428512413,2.694058424986744e+56,133.23221191755937,1.6870029672747477,2.082719712684874e-06
84,112751.67785278523,1750,221850.39554663832,5971.676978603365,1.4586710468390653,0.9739325145206054,0.24130288557192417,0.0025819849929280487,227822.07252524167,2.6905271741269545e+56,133.05757711434873,1.7023014640966447,2.101606745798327e-06
85,114093.95973197314,1750,223840.29838502203,5971.676978603365,1.4567664519598589,0.9679626271400796,0.24098884819936334,0.002538669307126243,229811.9753636254,2.6870256574229015e+56,132.88441278679724,1.71757037766718,2.1204572563792347e-06
86,115436.24161116107,1750,225826.4035000105,5971.676978603365,1.454892316519405,0.962107891032689,0.240677455322323,0.002496592298566418,231798.08047861385,2.6835536268439013e+56,132.71270666877277,1.7328101505635232,2.1392717908191642e-06
87,116778.52349034899,1750,227808.768569942,5971.676978603365,1.4530483779769292,0.9563645389824188,0.2403686841669791,0.0024557038133349155,233780.44554854537,2.680110828461817e+56,132.54244620248997,1.7480212253628424,2.158050895509682e-06
88,118120.8053695369,1750,229787.45127315502,5971.676978603365,1.4512336372946553,0.9507289774080759,0.24006251150924032,0.0024159563252473598,235759.12825175837,2.67669700332803e+56,132.3736185818802,1.7632040446423065,2.1767951168423536e-06
89,119463.08724872483,1750,231762.50928798827,5971.676978603365,1.4494471628205314,0.9451977758132578,0.23975891372543096,0.0023773047661084746,237734.18626659163,2.6733118880385555e+56,132.2062107805387,1.7783590509790865,2.195505001208749e-06
90,120805.36912791274,1750,233734.00029278002,5971.676978603365,1.447688888612895,0.9397676578612327,0.23945786705897062,0.0023397063712280687,239705.67727138338,2.669955217707523e+56,132.04020969877533,1.7934866869503499,2.214181095000432e-06
91,122147.65100710066,1750,235701.9819658687,5971.676978603365,1.4459578838562746,0.9344354923295392,0.2391593469998346,0.0023031205337384238,241673.65894447206,2.666626719048156e+56,131.87560182144085,1.8085873951332658,2.23282394460897e-06
92,123489.93288628859,1750,237666.5119855929,5971.676978603365,1.4442533876392514,0.9291982847171021,0.23886332908360552,0.002267508671659533,243638.18896419625,2.6633261192822017e+56,131.71237365853463,1.8236616181050038,2.2514340964259307e-06
93,124832.2147654765,1750,239627.64803029096,5971.676978603365,1.4425746614405077,0.9240531691457643,0.23856978844914092,0.002232834103860095,245599.32500889432,2.6600531412079214e+56,131.55051150129646,1.8387097984427323,2.2700120968428792e-06
94,126174.49664466442,1750,241585.44777830155,5971.676978603365,1.4409217180568976,0.918997402201486,0.23827870070775187,0.0021990619368192836,247557.1247569049,2.6568075128914336e+56,131.3900019014833,1.8537323787236217,2.2885584922513847e-06
95,127516.77852385234,1750,243539.96890796284,5971.676978603365,1.4392936334141668,0.9140283554401831,0.2379900404661072,0.00216615895522304,249511.6458865662,2.6535889511970956e+56,131.23083085687912,1.8687298015248393,2.3070738290430112e-06
96,128859.06040304026,1750,245491.26909761355,5971.676978603365,1.4376894845384354,0.9091435097509729,0.2377037828579145,0.0021340935250447716,251462.9460762169,2.650397178865747e+56,131.07298465588406,1.8837025094235553,2.3255586536093276e-06
97,130201.34228222819,1750,247439.40602559206,5971.676978603365,1.4361095644980033,0.9043404489992772,0.23741990292942883,0.002102835500798882,253411.08300419542,2.6472319176631317e+56,130.91644953867578,1.8986509449969389,2.3440135123419e-06
98,131543.6241614161,1750,249384.43737023673,5971.676978603365,1.434552794980129,0.8996168551776255,0.23713837573807797,0.0020723561398756345,255356.11434884008,2.6440928894795694e+56,130.76121175159267,1.9135755508221577,2.3624389516322936e-06
99,132885.90604060402,1750,251326.42080988624,5971.676978603365,1.433018489180714,0.8949705027108018,0.2368591763372137,0.002042628021640457,257298.0977884896,2.640979816159933e+56,130.60725753872563,1.928476769476383,2.3808355178720777e-06
100,134228.18791979196,1750,253265.41371752022,5971.676978603365,1.431506784621424,0.8903992541503036,0.23658227982101207,0.0020136249738142717,259237.09069612357,2.637892420004285e+56,130.45457316667648,1.9433550411937053,2.39920375456013e-06
101,135570.46979897987,1750,255201.4634569682,5971.676978603365,1.4300169039208452,0.8859010556178895,0.23630766142534804,0.001985322002767564,261173.14043557155,2.634830424892631e+56,130.30314498018183,1.95821072940605,2.4175441103778397e-06
102,136912.75167816778,1750,257134.60537468374,5971.676978603365,1.4285482106046103,0.8814739319937399,0.23603529646402158,0.001957695226839419,263106.2823532871,2.6317935555738407e+56,130.15295936694704,1.973044105333667,2.435856920165021e-06
103,138255.03355735572,1750,259064.8741059023,5971.676978603365,1.427100596112875,0.877115983370601,0.23576516029470163,0.001930721817209511,265036.5510845057,2.6287815372859233e+56,130.00400273886746,1.9878554347394897,2.4541425120240612e-06
104,139597.31543654363,1750,260992.30428585937,5971.676978603365,1.4256734576267813,0.8728253813008483,0.2354972285677981,0.001904379940145868,266963.98126446275,2.625794098530949e+56,129.85626166925965,2.0026449833864524,2.4724012140573486e-06
105,140939.59731573155,1750,262916.93054979027,5971.676978603365,1.424266403832417,0.8686003654051186,0.23523147683977305,0.001878648704269778,268888.6075283936,2.6228309667634697e+56,129.7097226796361,2.0174130170374887,2.49063335436727e-06
106,142281.87919491946,1750,264838.7875329308,5971.676978603365,1.4228788884297554,0.8644392400652496,0.2349678809576567,0.0018535081106461659,270810.46451153414,2.6198918726778725e+56,129.56437245173228,2.0321598014555344,2.5088392610562155e-06
107,143624.1610741074,1750,266757.90987051587,5971.676978603365,1.4215105936780068,0.8603403711917025,0.2347064168271035,0.0018289390059231675,272729.5868491192,2.616976547622204e+56,129.42019769961001,2.04688560240352,2.527019262226568e-06
108,144966.4429532953,1750,268674.33219778136,5971.676978603365,1.4201614828014213,0.8563021836584948,0.23444706076892707,0.0018049230397520857,274646.0091763847,2.614084727573537e+56,129.27718536625525,2.0615906856443824,2.545173685980719e-06
109,146308.72483248322,1750,270588.08914996247,5971.676978603365,1.4188306742163863,0.8523231583244983,0.2341897892994435,0.0017814426221853007,276559.7661285658,2.611216150688795e+56,129.1353225024565,2.0762753169410533,2.5633028604210536e-06
110,147651.00671167116,1750,272499.2153622949,5971.676978603365,1.4175180170225847,0.8484018296580979,0.23393457855428398,0.0017584808851121752,278470.8923408983,2.6083705508802668e+56,128.99459594908774,2.0909397620564696,2.5814071136499625e-06
111,148993.28859085907,1750,274407.7454700139,5971.676978603365,1.4162231776761327,0.8445367832875856,0.2336814056969254,0.0017360216471922001,280379.42244861723,2.6055476735207185e+56,128.8549931137905,2.105584286753562,2.5994867737698297e-06
112,150335.57047004698,1750,276313.71410835476,5971.676978603365,1.4149457198303166,0.84072665355223,0.23343024751542002,0.0017140493788444216,282285.3910869581,2.6027472597969335e+56,128.7165011971922,2.120209156795265,2.617542168883043e-06
113,151677.85234923492,1750,278217.15591255337,5971.676978603365,1.413685522255993,0.836970095210181,0.23318107487370573,0.001692549212382063,284188.8328911567,2.5999689848418192e+56,128.57910413328597,2.134814637944515,2.6355736270919937e-06
114,153020.13422842283,1750,280118.10551784484,5971.676978603365,1.412442010556963,0.8332658864414427,0.23293387839005505,0.0016715067410656283,286089.7824964482,2.597212744049114e+56,128.44279674886417,2.149400995964243,2.6535814764990655e-06
115,154362.41610761074,1750,282016.59755946475,5971.676978603365,1.4112149373609102,0.8296127694445615,0.23268862923558542,0.001650908249729792,287988.2745380681,2.5944782159767775e+56,128.30756314730266,2.1639684966173847,2.6715660452066476e-06
116,155704.69798679865,1750,283912.66667264845,5971.676978603365,1.4100040532455993,0.8260095534653231,0.23244530513724512,0.0016307405128879282,289884.3436512518,2.5917651522802835e+56,128.17339104694855,2.1785174056668732,2.6895276613171276e-06
117,157046.9798659866,1750,285806.3474926316,5971.676978603365,1.408809206057357,0.8224550869148715,0.23220388453858964,0.001610990814135127,291778.02447123494,2.5890733126052747e+56,128.04026856129548,2.1930479888756436,2.7074666529328934e-06
118,158389.2617451745,1750,287697.67465464945,5971.676978603365,1.4076296444934269,0.8189482556242119,0.23196434584095071,0.0015916469215463882,293669.3516332528,2.586402456126601e+56,127.90818378055438,2.2075605120066286,2.7253833481563317e-06
119,159731.5436243624,1750,289586.6827939374,5971.676978603365,1.4064656520044025,0.8154879812516678,0.23172666771082237,0.001572697064941753,295558.35977254075,2.5837523449756695e+56,127.77712494115015,2.2220552408227614,2.743278075089829e-06
120,161073.82550355035,1750,291473.4065457311,5971.676978603365,1.405316320291761,0.8120732200120379,0.23149082920605465,0.0015541299154257626,297445.0835243345,2.5811227456475097e+56,127.64708049530655,2.236532441086978,2.761151161835775e-06
